LoAu,English Region,2004,2005,2006,2007,2008,2009,2010,2011,2012,2013,2014,2015,2016,2017
Babergh,East,"52,900","53,200","53,800","53,800","53,800","53,400","53,200","53,000","52,300","52,100","52,100","51,900","51,900","52,000"
Basildon,East,"107,200","108,100","109,000","109,700","110,500","110,700","110,900","111,400","111,500","112,100","113,300","113,900","114,600","114,500"
Bedford,East,"97,800","98,000","98,300","98,900","99,200","99,400","100,500","101,100","101,400","102,000","103,000","104,100","105,100","105,000"
Braintree,East,"88,500","89,900","91,200","92,200","93,100","93,000","93,400","93,800","93,200","92,900","92,900","92,900","92,600","92,600"
Breckland,East,"75,900","77,000","78,100","78,900","79,500","79,400","79,300","79,600","79,200","79,200","79,300","79,800","80,100","80,600"
Brentwood,East,"43,400","43,900","44,300","44,600","45,000","45,400","45,800","46,200","46,000","46,100","47,000","47,100","47,100","46,900"
Broadland,East,"75,200","75,500","76,100","76,400","76,200","76,000","76,000","75,800","75,000","74,600","74,300","74,400","74,400","74,800"
Broxbourne,East,"56,300","57,100","57,700","58,500","58,800","59,200","59,400","59,500","59,500","59,600","59,900","60,100","60,300","60,000"
Cambridge,East,"82,400","87,300","86,600","85,100","85,400","85,600","88,400","90,300","89,100","88,900","88,800","89,400","88,500","88,300"
Castle Point,East,"55,000","55,000","54,900","54,900","54,900","54,700","54,400","53,900","53,200","52,900","52,700","52,500","52,600","52,400"
Central Bedfordshire,East,"156,500","157,800","159,600","161,400","162,600","162,800","163,800","165,500","166,500","168,300","170,000","172,100","173,900","175,200"
Chelmsford,East,"106,900","107,800","108,000","108,000","108,000","108,300","108,800","108,900","108,000","107,700","107,900","108,000","108,400","109,300"
Colchester,East,"104,000","107,000","108,500","109,900","111,100","111,300","113,100","114,200","114,800","115,100","116,500","119,000","120,500","122,000"
Dacorum,East,"88,400","88,800","89,600","90,200","91,000","91,800","92,600","93,400","93,600","94,200","94,900","95,700","96,200","96,400"
East Cambridgeshire,East,"48,200","49,100","50,100","51,400","51,900","52,600","53,000","53,300","53,400","53,300","53,600","53,600","53,600","53,500"
East Hertfordshire,East,"84,800","85,200","85,900","86,800","87,600","88,200","88,600","89,100","89,000","89,700","90,300","91,100","91,900","92,000"
Epping Forest,East,"76,900","77,200","78,200","78,600","78,800","79,100","79,000","79,100","78,900","79,000","79,800","80,100","80,400","80,500"
Fenland,East,"54,000","54,800","56,200","57,700","58,300","58,700","59,100","59,200","59,000","58,900","59,100","59,700","59,800","60,200"
Forest Heath,East,"37,600","38,200","37,700","37,700","37,400","37,600","38,000","39,100","38,600","38,200","39,600","39,600","39,000","40,200"
Great Yarmouth,East,"57,500","58,100","58,500","58,900","59,200","59,200","59,500","59,400","58,800","58,600","58,400","58,300","58,100","58,000"
Harlow,East,"50,000","50,300","50,700","51,200","51,600","52,000","52,400","52,800","52,900","52,900","53,600","53,800","54,000","53,900"
Hertsmere,East,"59,200","59,600","60,400","61,300","62,200","62,800","63,200","63,600","63,300","63,300","63,400","63,500","63,400","63,200"
Huntingdonshire,East,"106,200","106,500","107,500","108,200","109,100","109,000","109,300","110,000","109,400","109,100","109,300","109,700","109,400","109,700"
Ipswich,East,"77,000","80,000","80,800","81,700","83,300","84,800","86,400","87,700","88,000","88,000","88,100","88,700","88,800","88,300"
King's Lynn and West Norfolk,East,"84,300","85,100","86,700","87,800","88,300","88,500","88,700","89,000","88,200","87,700","87,800","87,500","87,300","86,900"
Luton,East,"118,700","120,000","121,600","123,300","124,400","126,600","129,800","132,800","133,500","134,100","135,400","137,200","138,200","136,400"
Maldon,East,"38,500","38,700","39,000","39,200","39,200","39,000","38,800","38,400","37,900","37,700","37,800","37,500","37,700","37,800"
Mid Suffolk,East,"55,900","56,900","57,800","58,800","59,100","59,200","59,400","59,600","59,300","59,300","59,500","59,700","59,700","59,800"
North Hertfordshire,East,"76,300","76,700","77,600","78,400","79,300","79,700","80,200","80,900","80,600","80,800","81,400","81,600","82,000","82,100"
North Norfolk,East,"57,800","57,900","58,200","58,400","58,300","57,600","57,300","57,600","56,800","56,400","56,400","56,100","55,800","55,700"
Norwich,East,"84,100","85,900","87,000","87,200","88,000","88,900","90,300","91,100","91,700","92,200","93,100","94,200","95,300","95,600"
Peterborough,East,"105,600","108,600","111,000","113,000","115,200","116,900","118,600","120,100","120,400","120,800","121,300","122,700","123,900","124,500"
Rochford,East,"50,000","50,500","51,000","51,600","52,100","51,900","51,800","51,500","51,200","50,800","51,300","51,200","51,500","51,800"
South Cambridgeshire,East,"87,800","89,000","90,400","91,700","92,600","93,400","94,400","95,300","94,700","93,900","94,400","95,000","95,300","95,100"
South Norfolk,East,"70,800","71,300","71,700","72,300","73,000","73,700","74,600","75,300","75,000","75,300","75,800","76,700","77,400","78,800"
Southend-on-Sea,East,"99,700","101,000","102,800","104,100","106,200","107,400","108,800","110,100","109,800","109,900","110,800","110,900","111,400","111,900"
St Albans,East,"83,800","84,000","85,000","85,800","86,800","87,500","88,300","89,100","88,700","88,900","89,700","89,900","90,000","89,600"
St Edmundsbury,East,"65,300","66,200","67,200","67,900","68,500","68,700","69,300","69,900","69,100","68,700","68,500","68,500","68,200","67,900"
Stevenage,East,"51,500","51,900","52,200","52,700","53,400","53,900","54,300","55,100","55,200","55,400","55,600","55,800","56,200","56,400"
Suffolk Coastal,East,"70,800","71,800","72,900","74,200","74,500","74,100","73,900","73,700","72,600","72,400","72,200","72,300","72,500","72,700"
Tendring,East,"79,500","79,800","80,100","80,400","80,300","79,400","78,900","78,000","77,000","76,700","76,900","77,300","78,000","78,400"
Three Rivers,East,"52,800","53,100","53,500","54,300","54,800","55,300","55,500","55,500","55,500","55,800","56,100","56,800","57,100","56,900"
Thurrock,East,"96,500","97,500","99,000","100,200","101,200","101,900","102,900","103,700","103,800","104,200","105,400","106,200","107,200","108,000"
Uttlesford,East,"45,200","45,600","46,500","47,200","47,900","48,500","49,500","50,300","50,400","50,800","51,600","52,100","52,400","53,200"
Watford,East,"54,100","55,100","55,100","55,700","57,000","58,100","59,500","60,700","61,100","62,000","62,800","63,100","63,000","62,700"
Waveney,East,"68,500","69,400","69,700","69,800","69,700","69,200","68,500","67,800","67,100","66,900","66,300","66,100","66,200","66,300"
Welwyn Hatfield,East,"65,000","67,500","69,100","70,600","71,000","71,600","72,700","73,500","73,500","74,400","75,500","77,400","80,000","81,000"
Amber Valley,East Midlands,"76,000","76,600","77,300","77,700","77,900","78,000","78,000","78,100","77,400","77,300","77,100","76,800","76,900","77,300"
Ashfield,East Midlands,"73,600","74,400","75,100","75,400","75,600","75,900","76,100","76,300","76,200","76,600","76,800","77,400","77,800","78,500"
Bassetlaw,East Midlands,"70,500","70,700","71,100","71,500","71,800","71,800","71,900","71,700","71,100","70,900","70,800","70,700","70,600","70,800"
Blaby,East Midlands,"58,900","58,900","59,200","59,500","59,800","59,600","59,600","59,500","59,200","59,100","59,200","59,200","59,800","60,400"
Bolsover,East Midlands,"46,700","47,000","47,500","47,900","48,100","48,100","48,300","48,400","48,400","48,400","48,500","48,800","49,000","49,400"
Boston,East Midlands,"36,100","36,500","37,600","38,500","39,400","40,100","40,600","40,400","40,000","40,300","40,600","40,700","41,100","41,300"
Broxtowe,East Midlands,"70,700","71,000","71,300","71,300","71,300","71,300","71,000","70,900","70,500","70,300","70,100","70,100","69,900","70,000"
Charnwood,East Midlands,"103,400","104,400","105,300","106,200","107,300","108,300","109,400","110,100","111,100","111,400","113,000","114,500","115,600","117,500"
Chesterfield,East Midlands,"63,900","64,600","65,100","65,400","65,800","66,000","66,200","66,300","65,800","65,800","65,700","65,600","65,400","65,300"
Corby,East Midlands,"34,600","35,300","36,300","37,300","38,200","38,900","39,600","40,500","41,000","41,600","42,300","43,000","43,700","44,400"
Daventry,East Midlands,"48,800","49,300","50,000","50,300","50,200","50,200","50,000","49,900","49,400","49,000","49,000","49,300","49,800","50,600"
Derby,East Midlands,"149,600","151,300","153,100","154,600","156,000","157,300","159,400","160,300","160,400","160,100","159,800","160,300","161,600","161,600"
Derbyshire Dales,East Midlands,"43,300","43,200","43,200","43,600","43,800","43,500","43,600","43,400","43,000","42,500","42,400","42,000","41,800","41,900"
East Lindsey,East Midlands,"81,300","81,600","82,200","82,700","82,500","81,700","81,000","79,900","78,700","77,700","77,700","77,400","77,100","77,300"
East Northamptonshire,East Midlands,"51,900","52,600","53,800","54,700","55,100","55,100","54,900","55,000","54,600","54,500","54,700","55,200","55,600","56,400"
Erewash,East Midlands,"70,600","70,800","70,900","71,400","71,700","71,800","72,000","72,000","71,600","71,400","71,700","71,700","71,700","71,500"
Gedling,East Midlands,"71,800","71,900","71,900","72,000","72,000","72,000","72,100","72,300","71,700","71,900","72,100","72,000","72,100","71,900"
Harborough,East Midlands,"50,700","50,900","51,600","52,500","52,800","52,900","53,200","53,600","53,400","53,700","53,600","54,000","54,300","55,000"
High Peak,East Midlands,"57,500","57,800","58,300","58,800","59,000","59,000","58,900","58,700","58,300","57,900","57,800","57,700","57,500","57,500"
Hinckley and Bosworth,East Midlands,"66,100","66,600","67,100","67,400","67,700","67,400","67,200","67,300","66,800","66,500","66,500","66,700","67,100","67,600"
Kettering,East Midlands,"55,000","55,800","57,000","58,400","59,200","59,600","59,600","59,900","59,900","60,000","60,100","60,100","60,700","61,300"
Leicester,East Midlands,"194,000","200,800","205,400","209,900","212,600","215,400","219,500","222,800","223,600","224,700","226,500","230,100","233,600","236,200"
Lincoln,East Midlands,"58,900","60,200","61,200","61,800","61,900","62,400","63,600","64,300","65,200","65,400","65,700","66,000","66,400","67,200"
Mansfield,East Midlands,"63,800","64,600","65,600","66,400","67,200","67,400","67,500","67,500","67,200","67,200","67,200","67,500","67,800","67,900"
Melton,East Midlands,"31,100","31,100","31,300","31,600","31,600","31,600","31,800","32,100","31,800","31,600","31,500","31,300","31,000","30,700"
Newark and Sherwood,East Midlands,"69,100","69,700","70,600","71,300","71,900","72,000","72,200","72,000","71,800","72,100","72,200","72,400","72,800","73,200"
North East Derbyshire,East Midlands,"62,000","62,000","62,000","62,300","62,300","62,100","61,900","61,700","61,200","60,600","60,200","60,000","60,100","60,000"
North Kesteven,East Midlands,"62,100","62,500","63,700","64,800","65,800","66,100","66,400","66,700","66,300","66,200","66,700","67,000","67,600","68,400"
North West Leicestershire,East Midlands,"57,200","57,600","58,400","59,100","59,600","59,700","59,600","59,500","59,100","59,100","59,600","60,400","61,100","62,000"
Northampton,East Midlands,"129,000","131,400","134,400","136,300","137,600","138,700","139,600","140,800","140,600","140,500","141,400","142,700","143,900","143,600"
Nottingham,East Midlands,"192,200","197,500","198,900","200,400","202,400","205,800","209,600","212,600","215,800","216,800","219,200","222,600","226,700","229,900"
Oadby and Wigston,East Midlands,"36,000","35,600","35,900","35,900","35,700","35,000","34,500","35,300","35,000","34,900","34,500","34,500","34,100","34,800"
Rushcliffe,East Midlands,"69,300","69,500","70,000","70,100","70,100","70,200","70,600","70,100","69,300","69,900","70,000","70,300","70,300","70,300"
Rutland,East Midlands,"22,600","22,900","23,100","23,400","23,400","23,200","23,300","23,000","22,300","22,700","22,900","22,700","23,000","23,200"
South Derbyshire,East Midlands,"56,500","57,400","58,500","59,400","60,200","60,700","61,000","61,500","61,500","62,000","62,500","63,000","63,600","64,600"
South Holland,East Midlands,"48,700","49,300","50,600","51,700","52,500","53,200","53,600","53,700","53,100","53,100","53,500","54,000","54,500","54,800"
South Kesteven,East Midlands,"80,100","80,500","81,600","82,400","82,900","83,200","83,400","83,600","83,400","83,600","84,100","84,000","84,400","84,200"
South Northamptonshire,East Midlands,"54,000","55,200","55,700","55,900","55,700","55,200","54,800","54,200","53,900","54,000","54,100","54,400","54,600","55,100"
Wellingborough,East Midlands,"47,000","47,600","48,100","48,300","48,600","48,300","48,100","48,000","47,600","46,800","46,800","47,000","47,400","47,700"
West Lindsey,East Midlands,"52,200","52,900","53,700","54,600","55,200","55,100","55,300","55,100","54,900","55,000","55,100","55,400","55,500","55,400"
Barking and Dagenham,London,"104,500","104,900","105,500","106,600","108,900","112,300","116,200","119,200","120,700","122,900","125,600","128,600","131,700","133,400"
Barnet,London,"212,900","215,900","218,400","221,400","224,200","228,300","231,600","235,400","237,900","240,000","242,800","245,700","249,100","249,900"
Bexley,London,"139,500","140,600","141,600","142,800","144,000","145,000","146,600","147,700","147,700","149,000","150,800","152,400","154,300","154,900"
Brent,London,"183,700","185,300","189,500","194,700","200,800","205,900","210,800","216,500","216,700","217,500","218,100","219,200","219,900","220,400"
Bromley,London,"188,300","189,800","191,600","192,900","194,700","195,600","196,500","197,400","198,000","200,100","201,600","203,900","204,400","205,100"
Camden,London,"152,400","155,600","155,300","155,400","154,000","155,700","156,300","160,500","162,500","165,600","168,600","173,500","176,600","179,000"
City of London,London,"5,600","5,600","5,700","6,000","5,800","5,900","5,700","5,700","4,900","4,200","4,100","4,400","4,800","5,000"
Croydon,London,"221,900","223,700","225,300","228,000","231,600","233,800","236,700","240,900","242,200","244,500","245,800","247,100","248,400","248,200"
Ealing,London,"215,200","217,200","219,200","221,500","224,800","228,400","230,600","233,700","232,600","232,100","230,900","230,400","229,300","226,000"
Enfield,London,"184,600","186,100","187,800","190,500","194,400","196,900","200,500","204,500","205,500","207,000","209,200","211,700","214,100","213,600"
Greenwich,London,"152,100","155,000","157,900","159,900","162,400","165,100","169,100","173,700","176,400","178,900","182,000","185,800","188,900","191,300"
Hackney,London,"146,800","149,700","153,700","157,900","164,200","169,100","173,500","178,600","181,900","185,500","189,800","193,600","196,500","198,100"
Hammersmith and Fulham,London,"127,200","128,500","130,100","132,000","132,400","134,800","135,100","136,300","135,000","133,400","132,600","132,300","131,000","130,800"
Haringey,London,"159,000","160,900","163,900","166,700","172,900","176,900","178,800","181,100","182,400","184,500","186,400","188,900","191,600","190,100"
Harrow,London,"142,300","146,100","148,300","150,100","151,800","154,200","156,700","158,400","158,400","158,000","158,500","159,000","159,600","158,500"
Havering,London,"141,500","142,600","144,200","145,600","147,000","148,500","149,900","150,800","150,700","151,500","153,300","155,300","157,300","158,800"
Hillingdon,London,"163,200","165,400","167,600","169,700","172,700","175,700","178,200","182,800","185,500","187,800","190,900","193,700","195,500","196,600"
Hounslow,London,"150,900","154,400","157,900","161,900","164,800","168,400","172,300","176,200","177,400","178,100","179,000","179,600","179,700","179,000"
Islington,London,"132,200","134,900","136,800","140,000","143,000","147,100","149,800","155,400","158,800","162,000","166,500","171,300","174,800","176,700"
Kensington and Chelsea,London,"120,800","123,400","121,000","118,900","118,600","117,800","116,300","114,500","111,900","111,000","110,500","110,200","107,700","106,100"
Kingston upon Thames,London,"104,200","105,400","106,600","106,900","107,900","108,400","108,700","109,500","110,600","111,700","112,800","114,700","115,800","115,900"
Lambeth,London,"198,600","202,300","205,100","209,500","213,200","217,500","220,200","226,400","230,100","232,300","235,600","238,800","240,700","241,200"
Lewisham,London,"174,200","176,600","179,400","182,000","186,500","189,200","190,000","193,400","195,800","198,500","202,600","206,300","209,200","211,000"
Merton,London,"129,400","131,000","132,800","134,300","135,500","137,200","137,400","138,300","138,100","138,600","138,600","138,900","138,700","137,600"
Newham,London,"170,500","170,000","174,000","180,900","189,000","197,500","209,500","219,600","223,200","226,200","230,800","237,000","242,800","244,900"
Redbridge,London,"162,400","164,200","167,100","170,400","174,200","177,400","180,000","184,400","185,700","188,100","191,300","193,900","196,200","196,100"
Richmond upon Thames,London,"122,800","124,300","125,000","124,600","124,500","124,600","125,000","124,900","124,300","124,500","125,100","125,000","124,900","124,400"
Southwark,London,"181,700","186,800","192,600","197,500","201,600","205,600","208,300","212,900","215,900","219,700","222,500","226,600","228,500","229,900"
Sutton,London,"118,400","119,200","120,200","121,200","122,600","123,900","124,400","125,400","125,700","126,700","127,700","128,400","129,300","129,600"
Tower Hamlets,London,"147,800","150,400","155,400","162,400","169,000","176,500","183,200","190,000","195,000","201,900","210,300","217,100","222,000","226,400"
Waltham Forest,London,"152,000","153,200","156,600","160,400","165,400","169,900","174,300","178,600","179,400","180,900","182,100","183,800","185,700","185,900"
Wandsworth,London,"207,300","211,400","215,500","218,600","220,600","223,700","225,600","229,400","229,200","231,000","232,500","233,900","234,400","234,700"
Westminster,London,"162,300","170,300","169,600","166,800","164,400","161,900","160,800","162,200","163,900","163,400","165,700","171,200","173,100","173,900"
County Durham,North East,"320,400","322,400","324,600","327,800","329,800","330,400","331,700","331,800","329,200","328,600","327,600","327,300","327,300","326,900"
Darlington,North East,"62,600","63,300","64,400","65,400","66,200","66,600","66,700","66,800","66,100","65,900","65,600","65,400","65,300","64,900"
Gateshead,North East,"122,800","123,800","124,800","126,000","127,200","128,200","128,800","129,400","128,500","127,800","127,700","128,200","128,300","127,900"
Hartlepool,North East,"56,400","56,700","57,100","57,500","58,100","58,300","58,400","58,600","58,300","58,300","57,800","57,600","57,700","57,500"
Middlesbrough,North East,"89,100","89,300","89,300","89,400","89,200","88,800","89,000","89,500","89,400","89,100","88,800","88,600","89,100","88,900"
Newcastle upon Tyne,North East,"178,500","181,800","183,200","185,100","185,600","187,500","190,300","192,300","193,300","195,800","196,900","198,400","200,300","201,500"
North Tyneside,North East,"123,200","124,200","125,700","127,000","128,400","129,000","129,600","129,900","128,900","128,600","128,300","127,600","127,400","127,300"
Northumberland,North East,"197,400","197,800","198,400","199,700","200,100","199,700","199,200","198,700","196,300","194,400","193,100","191,600","190,900","190,600"
Redcar and Cleveland,North East,"87,100","86,900","86,600","86,200","86,100","85,600","85,100","84,600","83,500","82,800","82,200","81,900","81,700","81,500"
South Tyneside,North East,"94,300","94,300","94,400","94,900","95,100","95,400","95,500","95,400","94,900","94,500","94,000","93,500","93,500","93,300"
Stockton-on-Tees,North East,"119,900","120,800","121,700","122,400","123,300","123,900","124,400","124,500","123,800","123,500","123,400","123,100","123,100","122,700"
Sunderland,North East,"181,900","181,800","181,800","182,000","181,600","181,200","181,000","180,200","178,900","178,200","177,900","177,200","176,600","175,500"
Allerdale,North West,"59,600","59,700","59,900","60,400","60,500","60,400","60,100","60,100","59,200","58,800","58,500","58,400","58,200","57,900"
Barrow-in-Furness,North West,"44,600","44,600","44,400","44,400","44,200","44,200","44,000","43,700","42,900","42,200","41,900","41,700","41,300","41,000"
Blackburn with Darwen,North West,"88,700","89,500","90,500","91,400","92,200","93,100","93,700","94,200","93,800","93,400","92,800","92,800","93,000","92,800"
Blackpool,North West,"89,300","90,000","90,400","90,800","90,300","90,000","90,000","89,300","88,500","87,900","87,100","86,300","86,100","85,600"
Bolton,North West,"169,100","169,700","171,400","172,600","173,900","175,200","176,200","177,300","176,900","176,500","175,700","175,500","176,000","175,800"
Burnley,North West,"55,700","55,700","56,100","56,100","56,200","55,900","55,600","55,700","55,000","54,400","54,200","53,900","53,600","53,300"
Bury,North West,"116,000","116,000","116,900","117,700","118,000","118,200","118,600","118,500","117,600","116,900","116,600","116,400","116,400","116,700"
Carlisle,North West,"67,300","68,400","69,400","70,000","69,700","69,300","69,100","69,000","68,600","68,300","67,600","67,100","66,700","66,200"
Cheshire East,North West,"226,800","228,600","230,600","232,700","233,700","233,200","232,900","233,000","231,000","229,000","227,900","227,300","226,600","226,100"
Cheshire West and Chester,North West,"208,400","210,100","211,500","212,500","212,300","211,400","210,800","209,900","208,000","206,900","206,400","206,500","206,200","206,400"
Chorley,North West,"68,200","68,400","68,700","69,000","69,500","69,400","69,500","69,800","69,900","70,200","70,300","70,700","71,100","71,900"
Copeland,North West,"44,700","44,900","45,200","45,500","45,600","45,400","45,300","45,200","44,500","43,900","43,500","43,200","42,500","41,800"
Eden,North West,"32,400","32,600","32,700","32,900","33,000","32,800","32,700","32,400","32,200","31,800","31,600","31,300","31,000","30,900"
Fylde,North West,"45,000","45,300","45,400","45,800","45,700","45,800","45,700","45,500","44,900","44,900","44,900","44,900","45,000","45,200"
Halton,North West,"78,700","79,100","79,800","80,400","80,900","81,300","81,900","82,200","81,300","80,700","80,300","80,000","79,700","79,300"
Hyndburn,North West,"50,900","51,100","51,500","51,800","51,800","51,600","51,400","51,100","50,400","49,800","49,600","49,300","49,200","49,100"
Knowsley,North West,"94,200","94,400","94,800","94,900","95,000","94,700","94,500","94,200","93,800","93,700","93,700","93,800","93,900","93,900"
Lancaster,North West,"87,600","88,900","89,000","88,600","88,200","88,200","89,100","89,400","89,800","89,700","89,300","89,600","89,800","90,200"
Liverpool,North West,"298,800","304,000","306,500","308,900","311,000","314,100","318,100","322,000","324,100","324,500","325,300","329,600","334,000","335,700"
Manchester,North West,"306,300","317,000","324,900","331,500","337,400","342,700","349,500","357,500","362,200","363,000","365,900","373,800","382,300","384,700"
Oldham,North West,"138,000","138,100","138,900","139,500","140,100","140,600","140,900","141,600","140,900","140,700","140,800","141,700","142,800","143,500"
Pendle,North West,"55,600","55,900","56,500","56,800","57,000","57,100","56,900","56,800","56,100","55,900","55,200","55,000","54,900","54,800"
Preston,North West,"89,200","90,900","92,500","93,200","93,000","92,500","93,000","93,800","93,800","92,900","92,300","92,600","92,500","92,400"
Ribble Valley,North West,"35,300","35,500","35,600","35,800","35,800","35,500","35,400","35,100","34,900","34,900","34,800","34,900","35,100","35,400"
Rochdale,North West,"132,100","132,300","133,300","134,100","135,000","135,300","135,300","136,100","135,000","134,400","134,400","134,800","135,400","136,200"
Rossendale,North West,"42,200","42,700","43,100","43,500","43,900","44,200","44,300","44,300","43,900","43,700","43,600","43,500","43,500","43,700"
Salford,North West,"141,900","143,800","146,200","147,700","150,400","152,200","154,200","156,000","156,600","157,100","158,700","160,900","162,400","164,600"
Sefton,North West,"170,500","170,000","170,100","170,400","170,700","170,300","169,700","169,300","167,600","166,400","165,800","165,400","165,000","163,700"
South Lakeland,North West,"64,000","64,400","64,500","64,600","64,400","63,800","63,400","62,600","61,500","61,000","60,400","60,000","59,800","59,900"
South Ribble,North West,"68,100","68,300","68,900","69,400","69,800","70,000","69,800","69,600","68,600","68,100","67,700","67,500","67,400","67,200"
St. Helens,North West,"112,300","112,200","112,400","112,300","112,500","112,600","112,200","111,800","111,000","110,300","110,200","110,100","110,200","110,200"
Stockport,North West,"179,300","178,500","178,500","179,100","179,300","179,300","178,800","178,400","176,800","176,400","176,300","176,600","177,000","177,100"
Tameside,North West,"137,900","138,200","139,300","140,100","141,100","141,700","142,100","142,500","141,200","140,400","139,500","139,400","139,900","140,000"
Trafford,North West,"136,700","137,400","139,300","141,000","141,900","142,900","144,000","144,700","144,200","144,500","145,200","144,900","144,700","144,800"
Warrington,North West,"124,300","125,200","126,800","128,400","129,500","130,500","131,000","131,400","130,800","131,000","131,200","131,400","131,700","131,600"
West Lancashire,North West,"70,100","70,000","70,300","70,500","70,400","70,100","70,000","69,600","69,100","68,900","69,000","69,200","69,400","69,700"
Wigan,North West,"199,600","200,400","202,000","203,000","204,200","205,100","205,800","206,200","204,500","203,700","202,900","202,600","202,600","202,800"
Wirral,North West,"195,000","195,400","196,200","196,900","197,800","198,300","199,000","199,200","197,500","196,600","195,800","194,900","194,200","193,700"
Wyre,North West,"64,200","64,600","64,900","65,000","64,700","64,400","64,100","63,700","63,100","62,900","62,700","63,000","63,000","62,900"
Adur,South East,"36,200","36,200","36,800","37,100","37,400","37,300","37,300","37,200","37,200","37,300","37,400","37,400","37,500","37,200"
Arun,South East,"83,600","84,500","85,700","86,700","86,900","86,900","87,000","86,800","86,600","86,600","86,900","87,100","87,500","87,900"
Ashford,South East,"67,000","68,500","70,000","71,200","71,900","72,400","72,900","73,600","73,900","74,300","74,800","75,000","75,900","76,600"
Aylesbury Vale,South East,"108,500","109,000","110,200","111,100","111,500","111,400","112,000","113,000","113,500","114,800","116,400","118,800","121,200","123,000"
Basingstoke and Deane,South East,"103,100","104,400","105,400","106,300","107,300","108,300","109,300","110,100","110,300","110,400","110,500","110,800","110,900","110,300"
Bracknell Forest,South East,"73,300","73,700","74,200","74,900","75,400","75,400","75,800","76,000","76,400","76,700","77,400","78,100","78,100","78,400"
Brighton and Hove,South East,"170,200","173,100","176,400","179,500","183,300","186,500","190,000","192,700","194,300","195,600","197,600","200,400","203,100","204,400"
Canterbury,South East,"89,600","90,800","92,000","93,300","94,000","93,900","95,600","96,700","98,000","99,000","100,200","102,100","104,300","105,000"
Cherwell,South East,"88,500","88,900","90,000","90,500","91,300","91,600","91,800","91,900","91,400","91,400","91,300","91,600","91,700","92,000"
Chichester,South East,"64,300","64,600","65,400","66,000","66,800","67,000","67,300","67,300","67,000","67,200","66,800","67,500","68,200","68,400"
Chiltern,South East,"55,900","56,100","56,600","56,900","56,700","56,400","56,200","55,700","55,000","54,800","55,100","55,100","55,400","55,300"
Crawley,South East,"64,100","65,300","66,500","67,600","68,600","69,300","70,400","71,300","71,600","71,800","72,100","72,500","72,600","72,400"
Dartford,South East,"56,900","58,400","59,600","60,400","61,500","62,300","62,900","63,500","64,100","64,700","65,600","66,400","67,400","68,700"
Dover,South East,"65,900","66,500","67,100","68,000","68,400","68,300","68,800","68,800","68,000","67,800","67,900","67,800","68,200","68,800"
East Hampshire,South East,"69,500","69,600","70,200","70,800","71,200","71,500","71,900","72,000","71,400","71,300","71,100","71,000","70,400","70,300"
Eastbourne,South East,"55,400","57,000","58,100","59,000","59,700","59,400","59,700","60,200","59,600","59,500","59,700","59,900","60,100","60,000"
Eastleigh,South East,"75,800","76,700","77,700","78,600","79,000","79,400","80,200","80,900","80,600","80,700","80,800","80,400","80,200","80,300"
Elmbridge,South East,"79,500","80,700","81,800","82,500","82,200","81,800","81,900","81,600","81,100","81,300","81,700","81,700","81,700","81,400"
Epsom and Ewell,South East,"43,800","44,400","45,000","45,800","46,500","46,700","47,400","47,800","47,700","48,100","48,600","48,700","48,800","48,800"
Fareham,South East,"68,200","67,900","68,200","68,800","69,100","69,200","69,400","69,400","69,300","69,500","69,700","69,800","69,900","69,900"
Gosport,South East,"49,800","50,300","51,200","51,800","52,400","52,500","52,300","52,300","52,300","52,100","52,300","52,500","52,800","52,600"
Gravesham,South East,"60,800","61,600","62,200","62,900","63,500","63,900","64,300","64,600","64,400","64,700","65,500","65,800","65,800","65,500"
Guildford,South East,"86,100","86,500","87,700","88,300","88,600","89,100","90,200","91,400","91,800","92,200","93,200","95,300","96,500","97,200"
Hart,South East,"56,900","57,500","58,400","58,800","59,000","58,700","58,300","58,100","57,500","57,500","57,600","57,800","57,600","57,800"
Hastings,South East,"54,400","55,200","55,600","56,300","57,000","57,300","57,600","57,900","57,400","57,300","57,200","57,400","57,700","57,500"
Havant,South East,"72,000","72,100","72,400","72,700","72,900","73,000","73,200","73,300","72,900","72,700","72,700","73,200","73,400","74,000"
Horsham,South East,"78,100","78,800","79,700","80,400","80,500","80,900","81,400","81,100","80,500","80,400","80,800","81,600","82,800","83,500"
Isle of Wight,South East,"81,600","82,700","83,300","83,800","83,800","83,200","82,800","82,500","81,800","81,000","80,800","80,600","80,300","80,500"
Lewes,South East,"55,700","55,800","56,400","57,200","57,500","57,800","58,200","58,400","58,200","58,400","58,600","58,500","58,600","58,800"
Maidstone,South East,"91,700","92,400","93,900","95,500","96,600","97,400","98,600","99,100","98,900","99,200","100,200","101,400","101,900","102,800"
Medway,South East,"163,600","164,400","165,900","168,300","170,400","171,500","173,000","174,000","174,700","175,500","176,100","176,700","177,200","176,600"
Mid Sussex,South East,"81,900","82,600","83,600","84,900","85,800","86,400","87,200","87,500","87,200","87,600","88,100","88,700","89,300","89,300"
Milton Keynes,South East,"148,600","152,000","154,700","157,000","159,500","161,800","164,500","166,400","166,600","167,600","168,900","169,800","170,600","170,300"
Mole Valley,South East,"50,100","50,300","50,700","51,300","51,900","51,900","52,100","52,000","51,700","51,900","51,700","51,600","51,700","51,500"
New Forest,South East,"101,900","102,500","103,300","103,700","103,800","103,900","103,800","103,400","102,300","101,700","101,400","101,000","100,500","100,000"
Oxford,South East,"103,600","107,000","105,900","105,100","104,600","104,900","106,700","108,400","108,400","108,700","110,100","109,800","109,800","109,100"
Portsmouth,South East,"130,900","134,000","133,700","132,800","133,500","135,800","138,500","140,100","140,100","139,400","139,800","141,500","143,800","144,800"
Reading,South East,"100,500","102,700","103,900","105,100","106,200","106,100","107,000","107,300","107,400","108,100","108,500","109,100","109,700","109,500"
Reigate and Banstead,South East,"81,200","81,700","83,000","84,500","85,500","86,600","87,500","88,200","88,100","88,300","88,900","89,100","89,700","90,000"
Rother,South East,"48,100","48,700","49,300","50,100","50,700","50,500","50,700","50,500","49,900","49,600","50,000","50,200","50,400","50,700"
Runnymede,South East,"51,100","51,200","51,400","52,200","52,400","52,600","53,100","53,000","53,600","54,400","54,700","55,600","56,700","57,000"
Rushmoor,South East,"60,300","60,800","61,600","62,200","62,800","62,800","63,200","63,800","63,600","63,400","63,400","63,000","63,600","63,100"
Sevenoaks,South East,"68,300","69,300","70,100","70,500","70,400","70,500","70,800","71,000","70,600","70,300","70,300","70,100","70,100","70,300"
Folkestone and Hythe,South East,"60,700","62,000","63,000","64,000","64,700","65,100","65,900","66,300","65,700","65,100","65,100","65,200","65,600","65,500"
Slough,South East,"80,500","82,200","84,100","86,200","88,500","90,600","92,400","94,100","94,000","94,000","94,500","95,100","95,600","95,600"
South Bucks,South East,"38,900","39,600","39,900","40,500","40,800","41,000","41,300","41,300","41,000","41,100","41,400","41,600","41,700","41,600"
South Oxfordshire,South East,"82,800","83,000","83,400","84,000","84,400","84,400","84,200","84,300","83,800","83,700","84,100","84,100","84,300","84,200"
Southampton,South East,"154,700","158,100","158,500","158,700","159,200","160,000","162,000","163,500","164,800","164,900","166,000","168,900","172,200","173,400"
Spelthorne,South East,"57,800","58,100","59,000","59,600","60,200","60,600","61,000","61,500","61,600","61,700","61,800","61,700","61,700","61,500"
Surrey Heath,South East,"52,800","53,200","53,900","54,500","54,300","54,600","54,900","55,100","54,600","54,600","54,700","54,900","54,800","54,500"
Swale,South East,"79,900","80,400","81,300","82,800","84,100","84,600","85,600","86,100","85,900","86,200","86,800","87,300","88,500","89,300"
Tandridge,South East,"49,400","49,600","50,200","50,900","51,200","51,300","51,600","51,600","51,500","51,900","52,100","52,300","52,400","52,700"
Test Valley,South East,"71,600","72,200","72,700","73,200","73,500","73,200","73,100","73,100","72,600","72,900","73,200","73,500","73,900","74,300"
Thanet,South East,"76,000","76,800","77,300","78,100","79,000","79,300","79,900","80,100","80,000","80,300","81,200","81,700","81,900","81,700"
Tonbridge and Malling,South East,"69,500","70,300","71,600","72,800","73,400","74,100","75,100","75,500","75,300","75,600","76,200","76,800","77,800","78,500"
Tunbridge Wells,South East,"66,000","66,500","67,500","69,000","70,400","71,300","72,000","72,500","72,000","71,800","71,700","71,400","71,700","72,000"
Vale of White Horse,South East,"74,500","75,100","76,000","76,400","76,200","76,300","76,300","76,800","76,400","76,300","76,500","77,400","78,400","79,800"
Waverley,South East,"72,800","72,600","72,900","73,300","73,400","73,700","73,600","73,700","73,000","72,800","72,600","72,800","72,800","73,000"
Wealden,South East,"85,800","86,400","87,400","88,100","87,900","87,400","87,900","88,500","88,300","88,500","89,500","90,300","90,700","90,700"
West Berkshire,South East,"95,300","96,200","97,400","98,600","99,600","99,900","99,800","99,100","98,300","98,300","98,000","98,100","98,300","97,600"
West Oxfordshire,South East,"61,900","62,700","63,900","65,300","65,900","66,100","66,300","66,500","67,000","66,900","66,400","66,300","65,900","65,900"
Winchester,South East,"69,900","70,100","70,700","71,400","72,200","72,700","73,200","73,300","73,300","73,500","74,100","74,700","75,100","75,200"
Windsor and Maidenhead,South East,"87,200","88,300","89,700","90,800","91,500","91,700","92,100","92,100","91,400","91,000","91,400","91,600","92,200","92,100"
Woking,South East,"58,300","59,400","60,900","62,100","62,800","63,300","63,900","64,500","64,000","63,800","63,600","63,300","63,100","62,700"
Wokingham,South East,"99,600","99,600","100,100","100,400","100,700","100,500","100,100","99,400","99,400","99,200","99,400","100,200","100,600","101,400"
Worthing,South East,"59,500","60,400","61,400","62,300","63,000","63,400","63,800","64,500","64,500","64,300","64,600","65,200","65,600","65,800"
Wycombe,South East,"106,000","106,800","107,700","108,300","108,500","108,400","109,000","109,700","109,200","108,400","108,300","108,100","107,800","106,700"
Bath and North East Somerset,South West,"110,700","111,700","111,700","112,800","113,400","112,800","113,300","113,900","114,200","115,400","116,400","118,700","120,400","121,500"
Bournemouth,South West,"105,400","107,700","109,000","112,100","113,500","115,200","119,400","122,600","123,800","124,200","124,800","125,800","126,700","126,900"
"Bristol, City of",South West,"268,500","277,500","280,900","284,300","286,100","288,300","290,500","293,300","295,200","298,500","302,100","307,500","311,500","314,100"
Cheltenham,South West,"71,300","72,600","73,600","74,500","74,600","75,300","76,100","76,600","76,100","75,400","75,200","74,900","74,800","74,200"
Christchurch,South West,"24,900","25,100","25,400","25,700","25,900","26,000","26,200","26,200","25,800","25,900","26,100","26,100","26,400","26,300"
Cornwall,South West,"316,600","319,800","322,600","325,200","326,400","325,900","326,600","327,300","325,800","324,900","324,800","325,500","326,700","328,900"
Cotswold,South West,"50,500","50,900","51,300","51,600","51,300","50,900","50,600","50,700","50,300","50,400","50,400","50,600","50,700","51,200"
East Devon,South West,"73,200","74,200","74,900","75,900","76,000","75,400","75,300","75,100","75,000","74,500","74,800","75,500","76,100","76,900"
East Dorset,South West,"49,200","49,300","49,700","50,100","50,100","49,600","49,400","49,200","48,600","48,200","47,900","48,000","47,800","47,700"
Exeter,South West,"74,900","77,200","77,400","78,200","78,100","78,200","79,000","80,000","81,100","82,600","84,000","86,300","87,600","88,400"
Forest of Dean,South West,"51,300","51,600","51,900","52,100","51,800","51,200","51,100","51,000","50,800","50,700","50,700","51,000","51,200","51,200"
Gloucester,South West,"72,200","73,600","75,200","76,800","77,500","78,000","78,900","79,500","80,000","80,200","80,600","81,300","81,600","81,900"
Isles of Scilly,South West,"1,400","1,400","1,500","1,500","1,500","1,400","1,400","1,400","1,400","1,400","1,400","1,400","1,400","1,400"
Mendip,South West,"66,100","66,700","67,100","67,700","67,900","67,500","67,600","67,600","67,300","67,000","67,100","67,300","67,600","67,300"
Mid Devon,South West,"44,900","45,400","45,900","46,900","47,200","47,300","47,200","47,400","47,100","46,900","46,900","46,900","46,900","47,100"
North Devon,South West,"55,200","55,800","56,400","56,900","56,900","56,700","56,600","56,800","55,900","55,300","55,000","55,000","54,900","55,200"
North Dorset,South West,"39,500","40,300","41,300","42,100","41,900","41,500","41,200","41,700","41,300","41,300","41,000","41,100","41,200","41,100"
North Somerset,South West,"119,300","120,800","122,400","124,100","124,600","124,300","124,100","123,300","122,600","122,500","122,600","123,200","123,700","123,800"
Plymouth,South West,"160,300","163,900","165,900","168,000","168,200","168,100","168,400","169,700","169,100","168,700","169,100","168,800","168,600","168,300"
Poole,South West,"86,000","86,800","88,000","89,300","90,100","90,800","91,400","92,000","91,000","90,600","90,500","90,400","90,500","90,600"
Purbeck,South West,"26,700","27,000","27,300","27,500","27,400","27,200","27,100","26,900","26,500","26,400","26,300","26,500","26,400","26,400"
Sedgemoor,South West,"66,900","67,700","68,600","69,800","70,100","69,900","70,100","70,600","70,500","70,900","71,300","71,600","71,900","71,800"
South Gloucestershire,South West,"163,700","165,300","166,400","167,000","167,100","167,500","167,800","168,700","169,600","170,700","171,200","172,500","173,800","174,900"
South Hams,South West,"50,300","50,700","51,200","51,600","51,600","51,100","50,900","50,300","49,400","49,100","48,800","48,800","48,300","48,300"
South Somerset,South West,"94,500","95,800","96,900","98,200","98,600","98,400","97,900","98,200","97,500","97,100","96,900","96,700","96,700","96,500"
Stroud,South West,"68,200","68,900","69,400","69,900","69,900","70,000","70,200","70,400","69,800","69,700","70,100","70,600","70,600","70,800"
Swindon,South West,"122,900","125,600","127,900","131,400","134,700","136,200","137,700","139,200","139,400","139,900","140,300","140,600","140,400","141,100"
Taunton Deane,South West,"65,500","66,400","66,900","67,500","67,800","67,900","68,200","68,400","68,300","68,400","68,100","68,500","69,100","69,600"
Teignbridge,South West,"74,100","74,600","75,100","75,400","75,500","75,300","75,000","74,600","74,100","74,100","74,500","75,000","75,100","75,900"
Tewkesbury,South West,"48,800","49,100","49,600","50,000","50,000","50,300","50,700","51,000","50,800","51,200","51,800","52,200","52,900","53,800"
Torbay,South West,"79,300","79,700","79,700","80,000","79,800","79,200","78,800","78,400","77,500","77,300","77,400","77,200","77,100","77,200"
Torridge,South West,"37,400","37,800","38,300","38,600","38,700","38,400","38,400","38,400","38,400","38,200","38,100","38,200","38,300","38,600"
West Devon,South West,"30,800","31,100","31,300","31,900","32,300","32,300","32,300","32,300","32,000","31,700","31,600","31,400","31,300","31,400"
West Dorset,South West,"55,500","56,100","56,800","57,400","57,500","57,200","57,300","57,200","56,500","56,300","55,900","55,600","55,600","55,400"
West Somerset,South West,"20,200","20,200","20,200","20,400","20,400","20,200","20,100","19,700","19,400","19,000","18,700","18,600","18,400","18,400"
Weymouth and Portland,South West,"40,300","40,700","40,800","41,100","41,100","41,000","40,700","40,500","40,000","39,600","39,000","38,800","38,600","38,600"
Wiltshire,South West,"280,300","282,700","286,200","290,600","293,900","294,700","295,600","296,800","295,000","295,100","295,900","297,000","297,200","298,200"
Birmingham,West Midlands,"635,200","646,300","651,800","658,800","666,100","672,600","680,700","690,500","696,300","699,500","705,500","713,700","725,300","731,500"
Bromsgrove,West Midlands,"57,000","57,400","57,900","58,400","58,600","58,400","58,100","58,000","57,800","57,800","58,000","57,800","58,100","58,400"
Cannock Chase,West Midlands,"61,500","62,100","62,400","62,800","63,100","63,300","63,300","63,400","63,300","63,100","63,000","62,700","62,500","62,700"
Coventry,West Midlands,"193,000","193,900","195,900","196,800","199,500","200,500","203,500","207,500","211,100","215,100","219,900","227,300","234,500","240,300"
Dudley,West Midlands,"193,700","194,200","194,900","195,200","195,700","195,200","195,200","195,200","193,800","193,400","193,000","192,800","192,800","193,200"
East Staffordshire,West Midlands,"67,800","68,500","69,400","70,600","71,500","71,800","72,300","72,800","72,400","72,200","72,400","72,300","72,400","72,500"
"Herefordshire, County of",West Midlands,"107,800","108,300","110,100","111,900","113,100","113,100","112,900","112,900","112,800","112,600","112,800","112,800","113,000","113,400"
Lichfield,West Midlands,"61,700","62,000","62,600","63,100","63,400","63,200","63,000","62,900","61,900","61,700","61,500","61,600","61,400","61,600"
Malvern Hills,West Midlands,"44,100","44,200","44,400","44,500","44,400","44,100","44,200","44,200","43,900","43,900","43,900","43,500","43,500","43,500"
Newcastle-under-Lyme,West Midlands,"79,800","80,100","80,400","80,700","80,400","79,900","79,900","80,000","79,600","80,000","80,300","80,600","81,600","81,900"
North Warwickshire,West Midlands,"40,300","40,400","40,400","40,400","40,400","40,200","39,900","39,600","39,300","38,900","38,800","38,800","38,800","39,200"
Nuneaton and Bedworth,West Midlands,"77,700","78,200","79,000","79,600","80,400","80,300","80,100","80,300","80,000","79,500","79,100","78,800","79,000","79,300"
Redditch,West Midlands,"53,000","53,400","54,500","55,000","55,600","55,600","55,600","55,600","55,100","54,700","54,200","53,900","53,500","53,100"
Rugby,West Midlands,"57,300","58,400","59,800","60,900","61,900","62,400","62,900","63,600","63,100","63,300","63,700","64,400","64,600","65,000"
Sandwell,West Midlands,"181,000","182,400","184,600","186,500","189,000","191,100","193,700","195,600","196,100","197,200","198,200","199,700","201,600","203,200"
Shropshire,West Midlands,"180,800","182,600","185,000","187,200","188,500","188,600","189,400","190,200","189,200","188,100","187,900","187,700","188,100","189,000"
Solihull,West Midlands,"125,500","125,900","126,900","127,400","128,200","128,000","128,100","127,800","126,700","127,200","127,000","126,700","127,000","127,600"
South Staffordshire,West Midlands,"68,200","68,200","68,300","68,400","68,400","68,100","68,100","68,100","67,200","68,400","68,100","67,600","67,500","67,800"
Stafford,West Midlands,"79,900","80,600","81,500","82,300","82,800","82,800","83,000","83,200","82,800","82,500","81,900","81,600","82,100","82,300"
Staffordshire Moorlands,West Midlands,"60,800","61,000","61,300","61,500","61,500","61,300","60,900","60,600","59,800","59,400","59,100","58,700","58,500","58,500"
Stoke-on-Trent,West Midlands,"156,100","156,600","158,300","159,000","159,700","159,700","160,600","161,300","160,700","160,000","159,300","158,900","159,700","160,400"
Stratford-on-Avon,West Midlands,"70,800","71,600","72,900","74,000","74,500","74,000","73,600","73,400","72,300","71,800","71,400","71,600","71,800","72,700"
Tamworth,West Midlands,"49,600","49,900","50,100","50,400","50,500","50,500","50,400","50,200","49,800","49,400","49,000","48,700","48,300","47,700"
Telford and Wrekin,West Midlands,"105,000","105,900","106,900","107,400","107,600","107,700","107,900","108,200","107,900","107,800","108,000","108,700","109,700","110,200"
Walsall,West Midlands,"159,400","160,400","161,600","162,700","163,900","164,800","165,900","167,300","167,200","167,200","167,800","168,700","170,100","171,200"
Warwick,West Midlands,"88,100","89,600","90,500","91,800","92,500","92,700","91,900","90,900","90,700","89,900","89,800","89,200","89,500","89,700"
Wolverhampton,West Midlands,"151,800","152,900","154,300","155,400","156,400","156,800","158,000","159,500","159,600","159,300","159,500","160,300","161,700","162,400"
Worcester,West Midlands,"61,700","62,200","62,800","63,400","64,200","64,600","64,900","65,500","65,700","65,900","65,900","65,800","66,300","66,400"
Wychavon,West Midlands,"71,800","71,900","72,300","72,600","72,500","72,200","72,200","72,000","71,600","71,600","71,700","72,200","72,400","73,300"
Wyre Forest,West Midlands,"62,400","62,600","62,700","62,700","62,400","61,700","61,100","60,600","59,700","59,300","58,900","58,900","58,700","58,700"
Barnsley,Yorkshire and The Humber,"141,600","142,900","144,500","146,000","147,100","147,600","147,800","148,600","148,700","149,500","150,200","151,000","151,600","151,700"
Bradford,Yorkshire and The Humber,"304,900","310,000","313,100","317,500","321,400","324,000","327,500","331,000","329,400","328,600","328,000","328,600","329,100","329,300"
Calderdale,Yorkshire and The Humber,"124,600","125,900","127,400","128,800","129,900","130,400","130,800","131,300","130,800","130,500","130,300","130,100","130,300","130,000"
Craven,Yorkshire and The Humber,"33,200","33,600","33,900","34,200","34,200","33,800","33,700","33,500","33,100","32,800","32,700","32,500","32,700","32,700"
Doncaster,Yorkshire and The Humber,"184,200","185,800","187,900","190,200","192,200","193,100","193,500","193,600","192,500","191,800","191,100","191,100","191,600","191,700"
East Riding of Yorkshire,Yorkshire and The Humber,"204,800","206,000","207,100","208,000","208,400","207,700","207,200","206,600","204,400","202,600","201,400","199,200","198,200","196,900"
Hambleton,Yorkshire and The Humber,"53,600","53,700","54,500","55,000","55,200","55,100","55,000","55,100","54,400","54,100","53,400","53,200","53,100","52,900"
Harrogate,Yorkshire and The Humber,"96,200","96,900","97,600","98,200","98,500","98,400","98,600","98,700","98,000","97,400","96,600","96,300","95,400","95,100"
"Kingston upon Hull, City of",Yorkshire and The Humber,"165,800","168,600","169,800","171,300","172,700","172,300","172,600","171,900","171,400","170,400","169,900","170,600","170,800","170,600"
Kirklees,Yorkshire and The Humber,"255,500","258,200","261,500","264,500","266,700","268,100","269,900","272,000","271,300","271,200","271,000","271,800","272,100","271,900"
Leeds,Yorkshire and The Humber,"480,200","492,800","494,600","497,100","499,500","500,200","501,700","502,700","504,800","504,100","504,300","508,100","512,100","512,800"
North East Lincolnshire,Yorkshire and The Humber,"98,900","99,500","99,900","100,300","100,700","100,800","100,800","101,000","99,900","99,400","98,800","98,400","97,700","97,000"
North Lincolnshire,Yorkshire and The Humber,"100,200","101,400","102,700","104,000","105,200","105,600","105,700","105,900","105,500","104,900","104,600","104,300","104,400","104,100"
Richmondshire,Yorkshire and The Humber,"31,500","32,400","33,000","33,800","34,500","34,700","34,800","34,900","35,000","34,700","33,500","33,000","34,000","33,500"
Rotherham,Yorkshire and The Humber,"160,200","161,100","162,100","162,600","163,300","163,600","163,300","163,200","162,200","161,400","161,300","161,300","161,400","161,400"
Ryedale,Yorkshire and The Humber,"31,500","31,800","31,800","32,000","31,900","31,800","31,400","31,200","31,100","31,000","31,100","31,200","31,400","31,500"
Scarborough,Yorkshire and The Humber,"66,200","66,500","66,700","66,900","67,000","66,600","66,500","65,900","65,000","64,300","63,700","63,100","62,500","62,100"
Selby,Yorkshire and The Humber,"50,400","51,000","51,800","52,700","53,600","53,700","54,000","54,100","53,900","53,700","53,800","53,800","53,900","54,200"
Sheffield,Yorkshire and The Humber,"339,700","345,400","347,300","349,200","352,900","355,600","359,900","364,900","367,200","368,000","369,700","373,900","377,400","380,200"
Wakefield,Yorkshire and The Humber,"205,500","206,500","208,200","209,500","210,500","211,000","211,000","210,800","209,800","209,800","209,400","209,900","211,000","212,300"
York,Yorkshire and The Humber,"124,700","126,300","126,900","127,500","128,000","128,700","130,700","132,300","132,800","134,200","134,800","136,300","136,900","137,600"
Column Total,,"32,399,600","32,769,800","33,107,800","33,440,400","33,713,000","33,892,200","34,118,000","34,347,400","34,307,000","34,351,400","34,475,400","34,669,600","34,856,100","34,950,900"
,,,,,,,,,,,,,,,
- These figures are missing.,,,,,,,,,,,,,,,
